{
  "positive": {
    "pca_evaluation": {
      "TIC_sqrt": {
        "explained_variance": [
          0.9075043623442004,
          0.05186509406241111,
          0.03257728430298239,
          0.0031568483020012073,
          0.0018403092777345411
        ],
        "cumulative_variance": [
          0.9075043623442004,
          0.9593694564066115,
          0.9919467407095939,
          0.9951035890115951,
          0.9969438982893296
        ],
        "pc1_dose_correlation": -0.39279220242478624,
        "pc1_p_value": 0.14753955763888893,
        "first_3_pcs_variance": 0.9919467407095939
      },
      "TIC_log": {
        "explained_variance": [
          0.9291766451744079,
          0.047379234582327415,
          0.01995411428000677,
          0.00210107022708525,
          0.0005387916100331308
        ],
        "cumulative_variance": [
          0.9291766451744079,
          0.9765558797567353,
          0.9965099940367421,
          0.9986110642638274,
          0.9991498558738605
        ],
        "pc1_dose_correlation": -0.39279220242478624,
        "pc1_p_value": 0.14753955763888893,
        "first_3_pcs_variance": 0.9965099940367421
      },
      "TIC_pareto": {
        "explained_variance": [
          0.928320761896791,
          0.048249876650141445,
          0.019550541474653262,
          0.002171510692534727,
          0.0008728978648562581
        ],
        "cumulative_variance": [
          0.928320761896791,
          0.9765706385469325,
          0.9961211800215858,
          0.9982926907141205,
          0.9991655885789767
        ],
        "pc1_dose_correlation": -0.39279220242478624,
        "pc1_p_value": 0.14753955763888893,
        "first_3_pcs_variance": 0.9961211800215858
      },
      "Sum_sqrt": {
        "explained_variance": [
          0.9075043623441996,
          0.05186509406241116,
          0.03257728430298231,
          0.0031568483020012073,
          0.0018403092777345355
        ],
        "cumulative_variance": [
          0.9075043623441996,
          0.9593694564066108,
          0.9919467407095931,
          0.9951035890115943,
          0.9969438982893288
        ],
        "pc1_dose_correlation": -0.39279220242478624,
        "pc1_p_value": 0.14753955763888893,
        "first_3_pcs_variance": 0.9919467407095931
      },
      "Sum_log": {
        "explained_variance": [
          0.9291766451744088,
          0.047379234582327415,
          0.019954114280006728,
          0.0021010702270852478,
          0.000538791610033133
        ],
        "cumulative_variance": [
          0.9291766451744088,
          0.9765558797567362,
          0.9965099940367429,
          0.9986110642638282,
          0.9991498558738613
        ],
        "pc1_dose_correlation": -0.39279220242478624,
        "pc1_p_value": 0.14753955763888893,
        "first_3_pcs_variance": 0.9965099940367429
      },
      "Sum_pareto": {
        "explained_variance": [
          0.928320761896791,
          0.04824987665014146,
          0.01955054147465331,
          0.002171510692534729,
          0.0008728978648562637
        ],
        "cumulative_variance": [
          0.928320761896791,
          0.9765706385469325,
          0.9961211800215858,
          0.9982926907141205,
          0.9991655885789767
        ],
        "pc1_dose_correlation": -0.39279220242478624,
        "pc1_p_value": 0.14753955763888893,
        "first_3_pcs_variance": 0.9961211800215858
      },
      "PQN_sqrt": {
        "explained_variance": [
          0.9075043623442004,
          0.05186509406241116,
          0.03257728430298232,
          0.0031568483020012086,
          0.0018403092777345422
        ],
        "cumulative_variance": [
          0.9075043623442004,
          0.9593694564066115,
          0.9919467407095939,
          0.9951035890115951,
          0.9969438982893297
        ],
        "pc1_dose_correlation": -0.39279220242478624,
        "pc1_p_value": 0.14753955763888893,
        "first_3_pcs_variance": 0.9919467407095939
      },
      "PQN_log": {
        "explained_variance": [
          0.9291766451744076,
          0.047379234582327324,
          0.019954114280006742,
          0.0021010702270852534,
          0.000538791610033133
        ],
        "cumulative_variance": [
          0.9291766451744076,
          0.9765558797567349,
          0.9965099940367416,
          0.9986110642638268,
          0.99914985587386
        ],
        "pc1_dose_correlation": -0.39279220242478624,
        "pc1_p_value": 0.14753955763888893,
        "first_3_pcs_variance": 0.9965099940367416
      },
      "PQN_pareto": {
        "explained_variance": [
          0.9283207618967922,
          0.04824987665014135,
          0.019550541474653238,
          0.0021715106925347238,
          0.0008728978648562642
        ],
        "cumulative_variance": [
          0.9283207618967922,
          0.9765706385469336,
          0.9961211800215868,
          0.9982926907141215,
          0.9991655885789777
        ],
        "pc1_dose_correlation": -0.39279220242478624,
        "pc1_p_value": 0.14753955763888893,
        "first_3_pcs_variance": 0.9961211800215868
      },
      "Vector_sqrt": {
        "explained_variance": [
          0.9176929987838126,
          0.05365449192553403,
          0.02202843191320948,
          0.0023504122787865295,
          0.0019688770996463037
        ],
        "cumulative_variance": [
          0.9176929987838126,
          0.9713474907093467,
          0.9933759226225561,
          0.9957263349013427,
          0.997695212000989
        ],
        "pc1_dose_correlation": 0.39279220242478624,
        "pc1_p_value": 0.14753955763888893,
        "first_3_pcs_variance": 0.9933759226225561
      },
      "Vector_log": {
        "explained_variance": [
          0.9333678861136019,
          0.04241609516073131,
          0.02058999654603355,
          0.0015459436831841227,
          0.0011974896307678522
        ],
        "cumulative_variance": [
          0.9333678861136019,
          0.9757839812743332,
          0.9963739778203667,
          0.9979199215035509,
          0.9991174111343187
        ],
        "pc1_dose_correlation": 0.370970413401187,
        "pc1_p_value": 0.17342182847265078,
        "first_3_pcs_variance": 0.9963739778203667
      },
      "Vector_pareto": {
        "explained_variance": [
          0.9368389832486645,
          0.04181937719145909,
          0.017460404553364603,
          0.0019135328117958262,
          0.001198446064465545
        ],
        "cumulative_variance": [
          0.9368389832486645,
          0.9786583604401237,
          0.9961187649934883,
          0.9980322978052841,
          0.9992307438697496
        ],
        "pc1_dose_correlation": 0.39279220242478624,
        "pc1_p_value": 0.14753955763888893,
        "first_3_pcs_variance": 0.9961187649934883
      }
    },
    "best_methods": [
      "TIC_sqrt",
      "TIC_log",
      "TIC_pareto"
    ],
    "recommended_method": "TIC_sqrt"
  },
  "negative": {
    "pca_evaluation": {
      "TIC_sqrt": {
        "explained_variance": [
          0.9082201442374404,
          0.07609302895163328,
          0.008253371959338831,
          0.004345059216073898,
          0.0012923605898898028
        ],
        "cumulative_variance": [
          0.9082201442374404,
          0.9843131731890736,
          0.9925665451484125,
          0.9969116043644863,
          0.9982039649543761
        ],
        "pc1_dose_correlation": -0.8728715609439696,
        "pc1_p_value": 2.167114938187169e-05,
        "first_3_pcs_variance": 0.9925665451484125
      },
      "TIC_log": {
        "explained_variance": [
          0.8431798838266269,
          0.1423297792323721,
          0.0122265102938326,
          0.001380385051184061,
          0.00040520440446084876
        ],