{
  "samplewise_correlation_median": 0.561296097734844,
  "samplewise_correlation_mean": 0.6022747830407503,
  "samplewise_correlation_count": 15,
  "samplewise_correlation_min": 0.5292610421119887,
  "samplewise_correlation_max": 0.7760875009647986
}