{
  "file_integrity": {
    "total_expected": 90,
    "missing_files": [],
    "readable_files": [
      "P1_SQ1r_01.itax",
      "P1_SQ1r_01.itmx",
      "P1_SQ1_01.itax",
      "P1_SQ1_01.itmx",
      "P1_SQ2_01.itax",
      "P1_SQ2_01.itmx",
      "P1_SQ3_01.itax",
      "P1_SQ3_01.itmx",
      "P1_SQ4_01.itax",
      "P1_SQ4_01.itmx",
      "P2_SQ1r_01.itax",
      "P2_SQ1r_01.itmx",
      "P2_SQ1_01.itax",
      "P2_SQ1_01.itmx",
      "P2_SQ2_01.itax",
      "P2_SQ2_01.itmx",
      "P2_SQ3_01.itax",
      "P2_SQ3_01.itmx",
      "P2_SQ4_01.itax",
      "P2_SQ4_01.itmx",
      "P3_SQ1r_01.itax",
      "P3_SQ1r_01.itmx",
      "P3_SQ1_01.itax",
      "P3_SQ1_01.itmx",
      "P3_SQ2_01.itax",
      "P3_SQ2_01.itmx",
      "P3_SQ3_01.itax",
      "P3_SQ3_01.itmx",
      "P3_SQ4_01.itax",
      "P3_SQ4_01.itmx",
      "P1_SQ1r_06.itax",
      "P1_SQ1r_06.itmx",
      "P1_SQ1_06.itax",
      "P1_SQ1_06.itmx",
      "P1_SQ2_06.itax",
      "P1_SQ2_06.itmx",
      "P1_SQ3_06.itax",
      "P1_SQ3_06.itmx",
      "P1_SQ4_06.itax",
      "P1_SQ4_06.itmx",
      "P2_SQ1r_06.itax",
      "P2_SQ1r_06.itmx",
      "P2_SQ1_06.itax",
      "P2_SQ1_06.itmx",
      "P2_SQ2_06.itax",
      "P2_SQ2_06.itmx",
      "P2_SQ3_06.itax",
      "P2_SQ3_06.itmx",
      "P2_SQ4_06.itax",
      "P2_SQ4_06.itmx",
      "P3_SQ1r_06.itax",
      "P3_SQ1r_06.itmx",
      "P3_SQ1_06.itax",
      "P3_SQ1_06.itmx",
      "P3_SQ2_06.itax",
      "P3_SQ2_06.itmx",
      "P3_SQ3_06.itax",
      "P3_SQ3_06.itmx",
      "P3_SQ4_06.itax",
      "P3_SQ4_06.itmx"
    ],
    "file_sizes_mb": {
      "P1_SQ1r_01.itm": 7.530644416809082,
      "P1_SQ1r_01.itax": 2.655167579650879,
      "P1_SQ1r_01.itmx": 5.36000919342041,
      "P1_SQ1_01.itm": 12.030806541442871,
      "P1_SQ1_01.itax": 3.277346611022949,
      "P1_SQ1_01.itmx": 9.46346378326416,
      "P1_SQ2_01.itm": 12.937626838684082,
      "P1_SQ2_01.itax": 3.4744462966918945,
      "P1_SQ2_01.itmx": 10.389684677124023,
      "P1_SQ3_01.itm": 14.727590560913086,
      "P1_SQ3_01.itax": 3.6878890991210938,
      "P1_SQ3_01.itmx": 12.086607933044434,
      "P1_SQ4_01.itm": 15.835870742797852,
      "P1_SQ4_01.itax": 3.8159379959106445,
      "P1_SQ4_01.itmx": 13.121782302856445,
      "P2_SQ1r_01.itm": 7.31804084777832,
      "P2_SQ1r_01.itax": 2.609499931335449,
      "P2_SQ1r_01.itmx": 5.13581657409668,
      "P2_SQ1_01.itm": 11.626761436462402,
      "P2_SQ1_01.itax": 3.2896862030029297,
      "P2_SQ1_01.itmx": 9.133745193481445,
      "P2_SQ2_01.itm": 12.264201164245605,
      "P2_SQ2_01.itax": 3.399167060852051,
      "P2_SQ2_01.itmx": 9.74847412109375,
      "P2_SQ3_01.itm": 14.96861457824707,
      "P2_SQ3_01.itax": 3.7434873580932617,
      "P2_SQ3_01.itmx": 12.314643859863281,
      "P2_SQ4_01.itm": 17.176169395446777,
      "P2_SQ4_01.itax": 4.098474502563477,
      "P2_SQ4_01.itmx": 14.510491371154785,
      "P3_SQ1r_01.itm": 7.413692474365234,
      "P3_SQ1r_01.itax": 2.657597541809082,
      "P3_SQ1r_01.itmx": 5.244908332824707,
      "P3_SQ1_01.itm": 11.473247528076172,
      "P3_SQ1_01.itax": 3.2716360092163086,
      "P3_SQ1_01.itmx": 8.980131149291992,
      "P3_SQ2_01.itm": 11.659905433654785,
      "P3_SQ2_01.itax": 3.3418045043945312,
      "P3_SQ2_01.itmx": 9.29505443572998,
      "P3_SQ3_01.itm": 14.167447090148926,
      "P3_SQ3_01.itax": 3.6517038345336914,
      "P3_SQ3_01.itmx": 11.68170166015625,
      "P3_SQ4_01.itm": 14.815756797790527,
      "P3_SQ4_01.itax": 3.723173141479492,
      "P3_SQ4_01.itmx": 12.289375305175781,
      "P1_SQ1r_06.itm": 9.236332893371582,
      "P1_SQ1r_06.itax": 2.322575569152832,
      "P1_SQ1r_06.itmx": 6.487268447875977,
      "P1_SQ1_06.itm": 11.369712829589844,
      "P1_SQ1_06.itax": 3.0820884704589844,
      "P1_SQ1_06.itmx": 9.136112213134766,
      "P1_SQ2_06.itm": 12.491512298583984,
      "P1_SQ2_06.itax": 3.416529655456543,
      "P1_SQ2_06.itmx": 10.425272941589355,
      "P1_SQ3_06.itm": 14.109060287475586,
      "P1_SQ3_06.itax": 3.803433418273926,
      "P1_SQ3_06.itmx": 12.225811958312988,
      "P1_SQ4_06.itm": 14.773582458496094,
      "P1_SQ4_06.itax": 3.9697208404541016,
      "P1_SQ4_06.itmx": 12.955107688903809,
      "P2_SQ1r_06.itm": 9.038763046264648,
      "P2_SQ1r_06.itax": 2.3301820755004883,
      "P2_SQ1r_06.itmx": 6.295805931091309,
      "P2_SQ1_06.itm": 12.343300819396973,
      "P2_SQ1_06.itax": 3.3864822387695312,
      "P2_SQ1_06.itmx": 10.264843940734863,
      "P2_SQ2_06.itm": 12.987500190734863,
      "P2_SQ2_06.itax": 3.614622116088867,
      "P2_SQ2_06.itmx": 10.966436386108398,
      "P2_SQ3_06.itm": 14.495491027832031,
      "P2_SQ3_06.itax": 3.921499252319336,
      "P2_SQ3_06.itmx": 12.579235076904297,
      "P2_SQ4_06.itm": 16.127941131591797,
      "P2_SQ4_06.itax": 4.330045700073242,
      "P2_SQ4_06.itmx": 14.473224639892578,
      "P3_SQ1r_06.itm": 9.22061824798584,
      "P3_SQ1r_06.itax": 2.3537330627441406,
      "P3_SQ1r_06.itmx": 6.465436935424805,
      "P3_SQ1_06.itm": 12.035922050476074,
      "P3_SQ1_06.itax": 3.3391923904418945,
      "P3_SQ1_06.itmx": 9.924128532409668,
      "P3_SQ2_06.itm": 12.658251762390137,
      "P3_SQ2_06.itax": 3.4971866607666016,
      "P3_SQ2_06.itmx": 10.599627494812012,
      "P3_SQ3_06.itm": 14.05773639678955,
      "P3_SQ3_06.itax": 3.8111772537231445,
      "P3_SQ3_06.itmx": 12.095026969909668,
      "P3_SQ4_06.itm": 14.502045631408691,
      "P3_SQ4_06.itax": 3.94400691986084,
      "P3_SQ4_06.itmx": 12.601322174072266
    }
  },
  "data_completeness": {
    "completeness_matrix": "{'negative': {('P1', 'SQ1'): 1, ('P1', 'SQ1r'): 1, ('P1', 'SQ2'): 1, ('P1', 'SQ3'): 1, ('P1', 'SQ4'): 1, ('P2', 'SQ1'): 1, ('P2', 'SQ1r'): 1, ('P2', 'SQ2'): 1, ('P2', 'SQ3'): 1, ('P2', 'SQ4'): 1, ('P3', 'SQ1'): 1, ('P3', 'SQ1r'): 1, ('P3', 'SQ2'): 1, ('P3', 'SQ3'): 1, ('P3', 'SQ4'): 1}, 'positive': {('P1', 'SQ1'): 1, ('P1', 'SQ1r'): 1, ('P1', 'SQ2'): 1, ('P1', 'SQ3'): 1, ('P1', 'SQ4'): 1, ('P2', 'SQ1'): 1, ('P2', 'SQ1r'): 1, ('P2', 'SQ2'): 1, ('P2', 'SQ3'): 1, ('P2', 'SQ4'): 1, ('P3', 'SQ1'): 1, ('P3', 'SQ1r'): 1, ('P3', 'SQ2'): 1, ('P3', 'SQ3'): 1, ('P3', 'SQ4'): 1}}",
    "missing_combinations": [],
    "dose_distribution": {
      "500": 6,
      "2000": 6,
      "5000": 6,
      "10000": 6,
      "15000": 6
    },
    "total_combinations": 30,
    "available_combinations": 30
  },
  "mass_ranges": {
    "positive": {
      "min": 0,
      "max": 929,
      "typical_peaks": 500
    },
    "negative": {
      "min": 0,
      "max": 922,
      "typical_peaks": 450
    }
  },
  "sample_stats": {},