{
  "method_used": "Vector_sqrt",
  "n_components_90_variance": "2",
  "explained_variance_first_5": [
    0.8934572522589691,
    0.08955193735843689,
    0.009780999187035542,
    0.004178533464719581,
    0.001314038897657408
  ],
  "cumulative_variance_first_5": [
    0.8934572522589691,
    0.983009189617406,
    0.9927901888044416,
    0.9969687222691612,
    0.9982827611668186
  ],
  "dose_correlations": {
    "PC1": {
      "rho": 0.8837824554557693,
      "p": 1.2428949604302423e-05
    },
    "PC2": {
      "rho": -0.8837824554557693,
      "p": 1.2428949604302423e-05
    }
  },
  "n_outliers": 13,
  "pattern_separations": {
    "P1_vs_P2": 0.06339259914493815,
    "P1_vs_P3": 0.00613749418359487,
    "P2_vs_P3": 0.06117716532625386
  }
}