{
  "method_used": "TIC_sqrt",
  "n_components_90_variance": "1",
  "explained_variance_first_5": [
    0.9075043623442007,
    0.05186509406241095,
    0.03257728430298237,
    0.0031568483020011522,
    0.0018403092777345372
  ],
  "cumulative_variance_first_5": [
    0.9075043623442007,
    0.9593694564066116,
    0.991946740709594,
    0.9951035890115951,
    0.9969438982893296
  ],
  "dose_correlations": {
    "PC1": {
      "rho": -0.39279220242478624,
      "p": 0.14753955763888893
    },
    "PC2": {
      "rho": 0.8183170883849714,
      "p": 0.00019218257412988382
    }
  },
  "n_outliers": 13,
  "pattern_separations": {
    "P1_vs_P2": 0.011120845489935045,
    "P1_vs_P3": 0.02089531548752414,
    "P2_vs_P3": 0.01622761196431912
  }
}