,spearman_rho,p_value,significant,trend_direction,linear_slope,slope_95ci,r_squared
OI,-0.19999999999999998,0.747060078104662,False,decreasing,-0.039831328649952966,"[np.float64(-0.09622148666166452), np.float64(0.016558829361758592)]",0.627476547363372
AOI_neg,0.0,1.0,False,none,0.06833154818219911,"[np.float64(-0.06303128086798682), np.float64(0.19969437723238503)]",0.4773916364148718
H_Loss,-0.9999999999999999,1.4042654220543672e-24,True,decreasing,-0.19827499844458069,"[np.float64(-0.26662092833080553), np.float64(-0.12992906855835584)]",0.966001006007383
Oxide_Form,-0.9999999999999999,1.4042654220543672e-24,True,decreasing,-0.19189802716170792,"[np.float64(-0.25695616616140515), np.float64(-0.1268398881620107)]",0.9670753145302569
Al_C_Bond,0.9999999999999999,1.4042654220543672e-24,True,increasing,0.06626710834091351,"[np.float64(0.02888581346841681), np.float64(0.1036484032134102)]",0.9138624418468767
Carbonyl,0.0,1.0,False,none,-0.03905079358335029,"[np.float64(-0.13931616051672377), np.float64(0.06121457335002319)]",0.3386701260134475
