Dose,OI_mean,OI_std,OI_count,AOI_neg_mean,AOI_neg_std,AOI_neg_count,H_Loss_mean,H_Loss_std,H_Loss_count,Oxide_Form_mean,Oxide_Form_std,Oxide_Form_count,Al_C_Bond_mean,Al_C_Bond_std,Al_C_Bond_count,Carbonyl_mean,Carbonyl_std,Carbonyl_count
500,141.02316096977734,7.981976248395204,3,30.59311080278299,2.9901362061377004,3,150.43497840011432,8.312551350248183,3,134.0731558137633,7.081624653702994,3,23.27196937264155,1.3572113176175222,3,85.23641718911641,4.014578564516815,3
2000,-27.180110592092856,4.869191900403869,3,1.9097344930407532,5.043531619779777,3,-29.671362568095887,3.8178359034129064,3,-26.344178057859654,3.4175568386505915,3,-3.139812081562703,0.6962101316980093,3,-19.98484477045606,1.7014703014365486,3
5000,-33.40718235350682,0.5734955101971011,3,-5.064915273597692,0.663285148476911,3,-35.28856037333319,0.3030966758487425,3,-31.370550322553417,0.263656608201483,3,-4.655881802824621,1.1609478085508143,3,-21.05525581515283,0.12726321507428054,3
10000,-38.107895732148954,1.1676948677609893,3,-11.574674850793352,1.0057431182968317,3,-41.02667116228448,0.7013695273857458,3,-36.647461136064486,0.6181137734015434,3,-6.491009452234558,1.4634469728690611,3,-21.3623691779549,0.5173091224359144,3
15000,-42.327972292028726,3.6270252208380236,3,-15.863255171432698,2.5698418939273426,3,-44.448384296400796,1.5748473986368055,3,-39.71096629728577,1.5084102694942043,3,-8.985266036019654,3.303344151177379,3,-22.83394742555261,2.2587768499194882,3
