,spearman_rho,p_value,significant,trend_direction,linear_slope,slope_95ci,r_squared
OI,-0.9999999999999999,1.4042654220543672e-24,True,decreasing,-115.64165145526155,"[np.float64(-238.5810624691935), np.float64(7.297759558670393)]",0.7491900455710948
AOI_neg,-0.9999999999999999,1.4042654220543672e-24,True,decreasing,-30.29455776122393,"[np.float64(-42.928402325307204), np.float64(-17.66071319714066)]",0.9510080095622209
H_Loss,-0.9999999999999999,1.4042654220543672e-24,True,decreasing,-123.00758753221756,"[np.float64(-255.10423929825856), np.float64(9.089064233823464)]",0.7453781977323478
Oxide_Form,-0.9999999999999999,1.4042654220543672e-24,True,decreasing,-109.70818726330158,"[np.float64(-227.22339450791782), np.float64(7.807019981314667)]",0.7463426685372441
Al_C_Bond,-0.9999999999999999,1.4042654220543672e-24,True,decreasing,-20.19125328271561,"[np.float64(-37.57584164744148), np.float64(-2.8066649179897425)]",0.8199514958078264
Carbonyl,-0.9999999999999999,1.4042654220543672e-24,True,decreasing,-67.58782575129165,"[np.float64(-148.153333779668), np.float64(12.977682277084725)]",0.7037881715889592
