{
  "dataset": "combined_robust_pareto",
  "k": 4,
  "seeds": [
    0,
    1,
    2
  ],
  "shape": [
    1853,
    15
  ],
  "metrics_by_seed": {
    "0": {
      "r_squared": 0.9759344448779447,
      "rmse": 0.017669125731510336,
      "loss": 2.9457670519581165
    },
    "1": {
      "r_squared": 0.9759344448695487,
      "rmse": 0.01766912573459253,
      "loss": 2.9457670524719752
    },
    "2": {
      "r_squared": 0.9759344450323761,
      "rmse": 0.01766912567481792,
      "loss": 2.945767042506452
    }
  },
  "component_stabilities": [
    0.9999999999995465,
    0.9999999999996173,
    0.9999999999995833,
    0.9999999999994721
  ],
  "dose_correlations_median_seed": [
    {
      "component": 0,
      "rho_all": 0.0,
      "p_all": 1.0,
      "rho5": 0.0,
      "p5": 1.0
    },
    {
      "component": 1,
      "rho_all": -0.9819805060619657,
      "p_all": 8.648244862274882e-11,
      "rho5": -0.9999999999999999,
      "p5": 1.4042654220543672e-24
    },
    {
      "component": 2,
      "rho_all": 0.8837824554557693,
      "p_all": 1.2428949604302423e-05,
      "rho5": 0.9999999999999999,
      "p5": 1.4042654220543672e-24
    },
    {
      "component": 3,
      "rho_all": 0.2945941518185897,
      "p_all": 0.28648727436863436,
      "rho5": 0.0,
      "p5": 1.0
    }
  ],
  "stable_fraction": 1.0
}