{
  "dataset": "combined_robust_pareto",
  "k": 3,
  "seeds": [
    0,
    1,
    2
  ],
  "shape": [
    1853,
    15
  ],
  "metrics_by_seed": {
    "0": {
      "r_squared": 0.9669094548541906,
      "rmse": 0.02071901382035446,
      "loss": 3.454239286566443
    },
    "1": {
      "r_squared": 0.966909454849853,
      "rmse": 0.020719013821712415,
      "loss": 3.454239286792838
    },
    "2": {
      "r_squared": 0.9669094548497282,
      "rmse": 0.020719013821751453,
      "loss": 3.454239286799347
    }
  },
  "component_stabilities": [
    0.9999999999995713,
    0.9999999999996375,
    0.9999999999995873
  ],
  "dose_correlations_median_seed": [
    {
      "component": 0,
      "rho_all": 0.0,
      "p_all": 1.0,
      "rho5": 0.0,
      "p5": 1.0
    },
    {
      "component": 1,
      "rho_all": -0.9601587170383665,
      "p_all": 1.4253378150816172e-08,
      "rho5": -0.9999999999999999,
      "p5": 1.4042654220543672e-24
    },
    {
      "component": 2,
      "rho_all": 0.9819805060619657,
      "p_all": 8.648244862274882e-11,
      "rho5": 0.9999999999999999,
      "p5": 1.4042654220543672e-24
    }
  ],
  "stable_fraction": 1.0
}