{
  "dataset": "neg_robust",
  "k": 3,
  "seeds": [
    0,
    1,
    2
  ],
  "shape": [
    923,
    15
  ],
  "metrics_by_seed": {
    "0": {
      "r_squared": 0.9994721394137028,
      "rmse": 0.0020597592379936313,
      "loss": 0.24236111363136195
    },
    "1": {
      "r_squared": 0.9994721394137028,
      "rmse": 0.0020597592379936313,
      "loss": 0.24236111363136195
    },
    "2": {
      "r_squared": 0.9994721394137028,
      "rmse": 0.0020597592379936326,
      "loss": 0.24236111363136212
    }
  },
  "component_stabilities": [
    0.9999999999994372,
    0.999999999998563,
    0.9999999999977291
  ],
  "dose_correlations_median_seed": [
    {
      "component": 0,
      "rho_all": -0.9601587170383665,
      "p_all": 1.4253378150816172e-08,
      "rho5": -0.9999999999999999,
      "p5": 1.4042654220543672e-24
    },
    {
      "component": 1,
      "rho_all": 0.0,
      "p_all": 1.0,
      "rho5": 0.0,
      "p5": 1.0
    },
    {
      "component": 2,
      "rho_all": 0.949247822526567,
      "p_all": 6.694317497518162e-08,
      "rho5": 0.9999999999999999,
      "p5": 1.4042654220543672e-24
    }
  ],
  "stable_fraction": 1.0
}