{
  "dataset": "neg_robust",
  "k": 2,
  "seeds": [
    0,
    1,
    2
  ],
  "shape": [
    923,
    15
  ],
  "metrics_by_seed": {
    "0": {
      "r_squared": 0.9987201319296295,
      "rmse": 0.0032072989622009516,
      "loss": 0.3773861206151986
    },
    "1": {
      "r_squared": 0.9987201319296295,
      "rmse": 0.0032072989622009516,
      "loss": 0.3773861206151986
    },
    "2": {
      "r_squared": 0.9987201319296295,
      "rmse": 0.003207298962200951,
      "loss": 0.3773861206151986
    }
  },
  "component_stabilities": [
    0.9999999999994393,
    0.9999999999986727
  ],
  "dose_correlations_median_seed": [
    {
      "component": 0,
      "rho_all": -0.971069611550166,
      "p_all": 1.8281168063183642e-09,
      "rho5": -0.9999999999999999,
      "p5": 1.4042654220543672e-24
    },
    {
      "component": 1,
      "rho_all": 0.0,
      "p_all": 1.0,
      "rho5": 0.0,
      "p5": 1.0
    }
  ],
  "stable_fraction": 1.0
}