{
  "dataset": "neg_robust",
  "k": 4,
  "seeds": [
    0,
    1,
    2
  ],
  "shape": [
    923,
    15
  ],
  "metrics_by_seed": {
    "0": {
      "r_squared": 0.9996640071894828,
      "rmse": 0.0016433188378623261,
      "loss": 0.193360746367455
    },
    "1": {
      "r_squared": 0.9996640071894828,
      "rmse": 0.0016433188378623192,
      "loss": 0.19336074636745418
    },
    "2": {
      "r_squared": 0.9996640071894828,
      "rmse": 0.0016433188378623112,
      "loss": 0.19336074636745323
    }
  },
  "component_stabilities": [
    0.9999999999994331,
    0.9999999999985413,
    0.9999999999977636,
    0.9999999999962714
  ],
  "dose_correlations_median_seed": [
    {
      "component": 0,
      "rho_all": -0.971069611550166,
      "p_all": 1.8281168063183642e-09,
      "rho5": -0.9999999999999999,
      "p5": 1.4042654220543672e-24
    },
    {
      "component": 1,
      "rho_all": 0.0,
      "p_all": 1.0,
      "rho5": 0.0,
      "p5": 1.0
    },
    {
      "component": 2,
      "rho_all": 0.949247822526567,
      "p_all": 6.694317497518162e-08,
      "rho5": 0.9999999999999999,
      "p5": 1.4042654220543672e-24
    },
    {
      "component": 3,
      "rho_all": -0.48007935851918326,
      "p_all": 0.0701182596978935,
      "rho5": -0.7,
      "p5": 0.1881204043741873
    }
  ],
  "stable_fraction": 1.0
}