{
  "dataset": "pos_robust",
  "k": 4,
  "seeds": [
    0,
    1,
    2
  ],
  "shape": [
    930,
    15
  ],
  "metrics_by_seed": {
    "0": {
      "r_squared": 0.9912708081494084,
      "rmse": 0.000764209199533943,
      "loss": 0.09026083881783797
    },
    "1": {
      "r_squared": 0.9912708081494083,
      "rmse": 0.0007642091995339449,
      "loss": 0.0902608388178382
    },
    "2": {
      "r_squared": 0.9912708081494084,
      "rmse": 0.0007642091995339436,
      "loss": 0.09026083881783803
    }
  },
  "component_stabilities": [
    0.9999999999988084,
    0.9999999999981573,
    0.9999999999972842,
    0.9999999999963507
  ],
  "dose_correlations_median_seed": [
    {
      "component": 0,
      "rho_all": 0.0,
      "p_all": 1.0,
      "rho5": 0.0,
      "p5": 1.0
    },
    {
      "component": 1,
      "rho_all": -0.08728715609439695,
      "p_all": 0.7570749968981557,
      "rho5": -0.09999999999999999,
      "p5": 0.8728885715695383
    },
    {
      "component": 2,
      "rho_all": 0.8728715609439696,
      "p_all": 2.167114938187169e-05,
      "rho5": 0.8999999999999998,
      "p5": 0.03738607346849874
    },
    {
      "component": 3,
      "rho_all": 0.08728715609439695,
      "p_all": 0.7570749968981557,
      "rho5": 0.3,
      "p5": 0.6238376647810728
    }
  ],
  "stable_fraction": 1.0
}