{
  "dataset": "pos_robust",
  "k": 3,
  "seeds": [
    0,
    1,
    2
  ],
  "shape": [
    930,
    15
  ],
  "metrics_by_seed": {
    "0": {
      "r_squared": 0.9539624631544092,
      "rmse": 0.0017550168150822618,
      "loss": 0.2072852433147129
    },
    "1": {
      "r_squared": 0.9539624631544092,
      "rmse": 0.001755016815082262,
      "loss": 0.2072852433147129
    },
    "2": {
      "r_squared": 0.9539624631544092,
      "rmse": 0.0017550168150822628,
      "loss": 0.207285243314713
    }
  },
  "component_stabilities": [
    0.9999999999988185,
    0.9999999999981923,
    0.9999999999973623
  ],
  "dose_correlations_median_seed": [
    {
      "component": 0,
      "rho_all": 0.0,
      "p_all": 1.0,
      "rho5": 0.0,
      "p5": 1.0
    },
    {
      "component": 1,
      "rho_all": -0.1636634176769943,
      "p_all": 0.5600090602123902,
      "rho5": 0.0,
      "p5": 1.0
    },
    {
      "component": 2,
      "rho_all": 0.8183170883849714,
      "p_all": 0.00019218257412988382,
      "rho5": 0.8999999999999998,
      "p5": 0.03738607346849874
    }
  ],
  "stable_fraction": 1.0
}