{
  "dataset": "combined_robust",
  "k": 2,
  "seeds": [
    0,
    1,
    2
  ],
  "shape": [
    1853,
    15
  ],
  "metrics_by_seed": {
    "0": {
      "r_squared": 0.9976456248273069,
      "rmse": 0.00308298550973043,
      "loss": 0.5139901811911495
    },
    "1": {
      "r_squared": 0.9976456248273069,
      "rmse": 0.00308298550973043,
      "loss": 0.5139901811911495
    },
    "2": {
      "r_squared": 0.9976456248273069,
      "rmse": 0.00308298550973043,
      "loss": 0.5139901811911496
    }
  },
  "component_stabilities": [
    0.9999999999994383,
    0.999999999998985
  ],
  "dose_correlations_median_seed": [
    {
      "component": 0,
      "rho_all": -0.9819805060619657,
      "p_all": 8.648244862274882e-11,
      "rho5": -0.9999999999999999,
      "p5": 1.4042654220543672e-24
    },
    {
      "component": 1,
      "rho_all": 0.02182178902359924,
      "p_all": 0.9384710668913703,
      "rho5": 0.0,
      "p5": 1.0
    }
  ],
  "stable_fraction": 1.0
}