{
  "dataset": "combined_robust",
  "k": 3,
  "seeds": [
    0,
    1,
    2
  ],
  "shape": [
    1853,
    15
  ],
  "metrics_by_seed": {
    "0": {
      "r_squared": 0.9990376366221034,
      "rmse": 0.001971075195658729,
      "loss": 0.3286143557147615
    },
    "1": {
      "r_squared": 0.9990376366221034,
      "rmse": 0.0019710751956587285,
      "loss": 0.32861435571476144
    },
    "2": {
      "r_squared": 0.9990376366221034,
      "rmse": 0.0019710751956587276,
      "loss": 0.3286143557147613
    }
  },
  "component_stabilities": [
    0.9999999999994345,
    0.999999999998891,
    0.99999999999818
  ],
  "dose_correlations_median_seed": [
    {
      "component": 0,
      "rho_all": -0.971069611550166,
      "p_all": 1.8281168063183642e-09,
      "rho5": -0.9999999999999999,
      "p5": 1.4042654220543672e-24
    },
    {
      "component": 1,
      "rho_all": 0.0,
      "p_all": 1.0,
      "rho5": 0.0,
      "p5": 1.0
    },
    {
      "component": 2,
      "rho_all": 0.9165151389911681,
      "p_all": 1.5699784544624308e-06,
      "rho5": 0.8999999999999998,
      "p5": 0.03738607346849874
    }
  ],
  "stable_fraction": 1.0
}