{
  "dataset": "pos_robust",
  "k": 2,
  "seeds": [
    0,
    1,
    2
  ],
  "shape": [
    930,
    15
  ],
  "metrics_by_seed": {
    "0": {
      "r_squared": 0.903427015842822,
      "rmse": 0.0025418684340364184,
      "loss": 0.30022038096457243
    },
    "1": {
      "r_squared": 0.903427015842822,
      "rmse": 0.002541868434036418,
      "loss": 0.3002203809645724
    },
    "2": {
      "r_squared": 0.903427015842822,
      "rmse": 0.002541868434036418,
      "loss": 0.3002203809645724
    }
  },
  "component_stabilities": [
    0.9999999999988666,
    0.999999999998278
  ],
  "dose_correlations_median_seed": [
    {
      "component": 0,
      "rho_all": 0.0,
      "p_all": 1.0,
      "rho5": 0.0,
      "p5": 1.0
    },
    {
      "component": 1,
      "rho_all": 0.0,
      "p_all": 1.0,
      "rho5": 0.0,
      "p5": 1.0
    }
  ],
  "stable_fraction": 1.0
}