{
  "dataset": "combined_robust_pareto",
  "k": 2,
  "seeds": [
    0,
    1,
    2
  ],
  "shape": [
    1853,
    15
  ],
  "metrics_by_seed": {
    "0": {
      "r_squared": 0.9471563033321676,
      "rmse": 0.026182656892818287,
      "loss": 4.365128709794708
    },
    "1": {
      "r_squared": 0.9471563033321676,
      "rmse": 0.026182656892818283,
      "loss": 4.365128709794708
    },
    "2": {
      "r_squared": 0.9471563033321676,
      "rmse": 0.026182656892818283,
      "loss": 4.365128709794708
    }
  },
  "component_stabilities": [
    0.999999999999625,
    0.9999999999996478
  ],
  "dose_correlations_median_seed": [
    {
      "component": 0,
      "rho_all": 0.6764754597315764,
      "p_all": 0.005618099266186537,
      "rho5": 0.7999999999999999,
      "p5": 0.10408803866182788
    },
    {
      "component": 1,
      "rho_all": -0.9274260335029676,
      "p_all": 6.488928072016145e-07,
      "rho5": -0.8999999999999998,
      "p5": 0.03738607346849874
    }
  ],
  "stable_fraction": 1.0
}