{
  "dataset": "neg_robust",
  "k_star": 2,
  "selection_metrics": {
    "2": {
      "median_r_squared": 0.9987201319296295,
      "median_rmse": 0.0032072989622009516,
      "stable_fraction": 1.0,
      "best_abs_rho5": 0.9999999999999999
    },
    "3": {
      "median_r_squared": 0.9994721394137028,
      "median_rmse": 0.0020597592379936313,
      "stable_fraction": 1.0,
      "best_abs_rho5": 0.9999999999999999
    },
    "4": {
      "median_r_squared": 0.9996640071894828,
      "median_rmse": 0.0016433188378623192,
      "stable_fraction": 1.0,
      "best_abs_rho5": 0.9999999999999999
    },
    "5": {
      "median_r_squared": 0.999807628892948,
      "median_rmse": 0.0012434455246198807,
      "stable_fraction": 1.0,
      "best_abs_rho5": 0.9999999999999999
    },
    "6": {
      "median_r_squared": 0.9998764151256873,
      "median_rmse": 0.0009966427263428184,
      "stable_fraction": 1.0,
      "best_abs_rho5": 0.9999999999999999
    }
  },
  "passed_recon": true,
  "passed_dose": true,
  "passed_stability": true,
  "timestamp": "2025-08-24T17:08:30.233951Z"
}