{
  "dataset": "combined_baseline",
  "k": 4,
  "seeds": [
    0,
    1,
    2
  ],
  "shape": [
    1853,
    15
  ],
  "metrics_by_seed": {
    "0": {
      "r_squared": 0.9879674710809763,
      "rmse": 0.0009552723571212378,
      "loss": 0.15926140761088872
    },
    "1": {
      "r_squared": 0.9879674710809734,
      "rmse": 0.0009552723571213505,
      "loss": 0.1592614076109075
    },
    "2": {
      "r_squared": 0.9879674710809684,
      "rmse": 0.0009552723571215487,
      "loss": 0.15926140761094057
    }
  },
  "component_stabilities": [
    0.9999999999989283,
    0.9999999999986929,
    0.9999999999977939,
    0.9999999999963738
  ],
  "dose_correlations_median_seed": [
    {
      "component": 0,
      "rho_all": 0.032732683535398856,
      "p_all": 0.907807194891725,
      "rho5": 0.0,
      "p5": 1.0
    },
    {
      "component": 1,
      "rho_all": -0.26186146828319085,
      "p_all": 0.3457851775315717,
      "rho5": -0.3,
      "p5": 0.6238376647810728
    },
    {
      "component": 2,
      "rho_all": 0.9601587170383665,
      "p_all": 1.4253378150816172e-08,
      "rho5": 0.9999999999999999,
      "p5": 1.4042654220543672e-24
    },
    {
      "component": 3,
      "rho_all": -0.07637626158259735,
      "p_all": 0.7867476945561469,
      "rho5": 0.3,
      "p5": 0.6238376647810728
    }
  ],
  "stable_fraction": 1.0
}