{
  "dataset": "combined_robust",
  "k": 4,
  "seeds": [
    0,
    1,
    2
  ],
  "shape": [
    1853,
    15
  ],
  "metrics_by_seed": {
    "0": {
      "r_squared": 0.9994247671935186,
      "rmse": 0.0015238965018494939,
      "loss": 0.25406147276075514
    },
    "1": {
      "r_squared": 0.9994247671935187,
      "rmse": 0.0015238965018494425,
      "loss": 0.2540614727607466
    },
    "2": {
      "r_squared": 0.9994247671935187,
      "rmse": 0.0015238965018494332,
      "loss": 0.254061472760745
    }
  },
  "component_stabilities": [
    0.9999999999994379,
    0.9999999999988789,
    0.9999999999981173,
    0.9999999999965801
  ],
  "dose_correlations_median_seed": [
    {
      "component": 0,
      "rho_all": -0.971069611550166,
      "p_all": 1.8281168063183642e-09,
      "rho5": -0.9999999999999999,
      "p5": 1.4042654220543672e-24
    },
    {
      "component": 1,
      "rho_all": 0.0,
      "p_all": 1.0,
      "rho5": 0.0,
      "p5": 1.0
    },
    {
      "component": 2,
      "rho_all": 0.9274260335029676,
      "p_all": 6.488928072016145e-07,
      "rho5": 0.8999999999999998,
      "p5": 0.03738607346849874
    },
    {
      "component": 3,
      "rho_all": -0.48007935851918326,
      "p_all": 0.0701182596978935,
      "rho5": -0.19999999999999998,
      "p5": 0.747060078104662
    }
  ],
  "stable_fraction": 1.0
}