{
  "dataset": "combined_baseline",
  "k": 2,
  "seeds": [
    0,
    1,
    2
  ],
  "shape": [
    1853,
    15
  ],
  "metrics_by_seed": {
    "0": {
      "r_squared": 0.8959840862158417,
      "rmse": 0.002808656628926141,
      "loss": 0.46825452959449615
    },
    "1": {
      "r_squared": 0.8959840862158417,
      "rmse": 0.0028086566289261404,
      "loss": 0.46825452959449615
    },
    "2": {
      "r_squared": 0.8959840862158417,
      "rmse": 0.002808656628926141,
      "loss": 0.46825452959449615
    }
  },
  "component_stabilities": [
    0.9999999999990142,
    0.9999999999986899
  ],
  "dose_correlations_median_seed": [
    {
      "component": 0,
      "rho_all": 0.3055050463303894,
      "p_all": 0.2681609597162533,
      "rho5": 0.6,
      "p5": 0.28475697986529375
    },
    {
      "component": 1,
      "rho_all": -0.3927922024247863,
      "p_all": 0.14753955763888887,
      "rho5": -0.6,
      "p5": 0.28475697986529375
    }
  ],
  "stable_fraction": 1.0
}