{
  "dataset": "combined_baseline",
  "k": 3,
  "seeds": [
    0,
    1,
    2
  ],
  "shape": [
    1853,
    15
  ],
  "metrics_by_seed": {
    "0": {
      "r_squared": 0.968592036642452,
      "rmse": 0.0015433649793192593,
      "loss": 0.2573072247211903
    },
    "1": {
      "r_squared": 0.968592036642452,
      "rmse": 0.0015433649793192596,
      "loss": 0.2573072247211903
    },
    "2": {
      "r_squared": 0.968592036642452,
      "rmse": 0.0015433649793192596,
      "loss": 0.2573072247211903
    }
  },
  "component_stabilities": [
    0.999999999998944,
    0.9999999999986934,
    0.9999999999978334
  ],
  "dose_correlations_median_seed": [
    {
      "component": 0,
      "rho_all": 0.0,
      "p_all": 1.0,
      "rho5": 0.0,
      "p5": 1.0
    },
    {
      "component": 1,
      "rho_all": -0.31641594084218894,
      "p_all": 0.25056094637039733,
      "rho5": -0.09999999999999999,
      "p5": 0.8728885715695383
    },
    {
      "component": 2,
      "rho_all": 0.9601587170383665,
      "p_all": 1.4253378150816172e-08,
      "rho5": 0.9999999999999999,
      "p5": 1.4042654220543672e-24
    }
  ],
  "stable_fraction": 1.0
}