{
  "normalization": "Vector",
  "transformation": "sqrt",
  "n_samples": 15,
  "n_masses": 923,
  "mass_range": [
    0.0,
    922.0
  ],
  "statistics": {
    "mean_intensity": 0.035094806889225706,
    "std_intensity": 0.05680002852688401,
    "zero_fraction": 0.10364752618273745,
    "dynamic_range": 782.6914300910671
  }
}