,spearman_rho,p_value,significant,trend_direction,linear_slope,slope_95ci,r_squared
AI_sim,0.0,1.0,False,none,-0.559108447363799,"[np.float64(-1.4623893591871937), np.float64(0.3441724644595956)]",0.563974374409669
OI,-0.9999999999999999,1.4042654220543672e-24,True,decreasing,-0.6582500274891566,"[np.float64(-1.4631174052563742), np.float64(0.1466173502780609)]",0.6930681755474709
AOI_pos,0.0,1.0,False,none,0.17275216412912034,"[np.float64(-0.18190326395544001), np.float64(0.5274075922136807)]",0.44475414887404624
Metal_Oxide,0.0,1.0,False,none,0.15463914883555216,"[np.float64(-0.1724520781508088), np.float64(0.48173037582191314)]",0.43006119189956116
HC_Degrad,0.0,1.0,False,none,0.052861902286279155,"[np.float64(-0.04237347154429799), np.float64(0.1480972761168563)]",0.5098364728480204
Chain_Scission,0.0,1.0,False,none,0.1456617019205079,"[np.float64(-0.13526463288082322), np.float64(0.426588036721839)]",0.47578813951487514
