{
  "normalization": "TIC",
  "transformation": "pareto",
  "n_samples": 15,
  "n_masses": 930,
  "mass_range": [
    0.0,
    929.0
  ],
  "statistics": {
    "mean_intensity": 0.014094900773452301,
    "std_intensity": 0.0778714821237211,
    "zero_fraction": 0.09254480286738351,
    "dynamic_range": 624155.0725094238
  }
}