{
  "normalization": "Vector",
  "transformation": "log",
  "n_samples": 15,
  "n_masses": 930,
  "mass_range": [
    0.0,
    929.0
  ],
  "statistics": {
    "mean_intensity": 0.0024348563233689943,
    "std_intensity": 0.011606461372702744,
    "zero_fraction": 0.09254480286738351,
    "dynamic_range": 391604.2459349806
  }
}