,spearman_rho,p_value,significant,trend_direction,linear_slope,slope_95ci,r_squared
AI_sim,0.7,0.1881204043741873,False,increasing,0.7451091324212098,"[np.float64(-0.5784243309821788), np.float64(2.068642595824598)]",0.5169007708876066
OI,-0.39999999999999997,0.5046315754686911,False,decreasing,-0.47326096239125415,"[np.float64(-1.8093652318596218), np.float64(0.8628433070771137)]",0.29753894956085103
AOI_pos,0.0,1.0,False,none,31.829833378115612,"[np.float64(-34.72220851458812), np.float64(98.38187527081934)]",0.4357392705904724
Metal_Oxide,0.0,1.0,False,none,25.548142929229087,"[np.float64(-30.398007236601394), np.float64(81.49429309505956)]",0.4131491781244699
HC_Degrad,0.09999999999999999,0.8728885715695383,False,increasing,0.27044554829476,"[np.float64(-4.543441426183625), np.float64(5.0843325227731455)]",0.01054303674036726
Chain_Scission,0.0,1.0,False,none,27.601413707661173,"[np.float64(-31.95920309897717), np.float64(87.16203051429952)]",0.42029388793863953
